city,nodes,edges,k,algo2_time_s
"Paris, France",9213,17862,5,96.148244
"Lyon, France",4019,7994,5,9.305978
"Marseille, France",12700,26366,5,215.819233
"Toulouse, France",9104,19294,5,75.336456
"Bordeaux, France",4327,8796,5,11.177604
"Nice, France",3972,8152,5,10.325427
"Nantes, France",6496,13993,5,40.322201
"Dijon, France",3124,7120,5,5.328156
"Reims, France",3583,8000,5,10.520218
"Annecy, France",4098,8416,5,10.55176
