city,nodes,edges,k,algo2_time_s
"Paris, France",9213,17862,5,119.44566
"Lyon, France",4019,7994,5,11.026835
"Marseille, France",12700,26366,5,256.948049
"Toulouse, France",9101,19285,5,77.865978
"Bordeaux, France",4327,8796,5,12.862524
"Nice, France",3972,8152,5,11.158517
"Nantes, France",6496,13993,5,43.380819
"Dijon, France",3124,7120,5,5.915427
"Reims, France",3583,8000,5,9.65657
"Annecy, France",4100,8420,5,11.97218
